-- phpMyAdmin SQL Dump
-- version 4.8.5
-- https://www.phpmyadmin.net/
--
-- Host: localhost:3306
-- Generation Time: Jul 10, 2023 at 04:03 AM
-- Server version: 5.7.33
-- PHP Version: 7.4.19

SET SQL_MODE = "NO_AUTO_VALUE_ON_ZERO";
SET AUTOCOMMIT = 0;
START TRANSACTION;
SET time_zone = "+00:00";


/*!40101 SET @OLD_CHARACTER_SET_CLIENT=@@CHARACTER_SET_CLIENT */;
/*!40101 SET @OLD_CHARACTER_SET_RESULTS=@@CHARACTER_SET_RESULTS */;
/*!40101 SET @OLD_COLLATION_CONNECTION=@@COLLATION_CONNECTION */;
/*!40101 SET NAMES utf8mb4 */;

--
-- Database: `bantuguru`
--

-- --------------------------------------------------------

--
-- Table structure for table `alamat`
--

CREATE TABLE `alamat` (
  `id` bigint(20) UNSIGNED NOT NULL,
  `cities_id` int(11) NOT NULL,
  `detail` varchar(255) COLLATE utf8mb4_unicode_ci NOT NULL,
  `user_id` bigint(20) UNSIGNED NOT NULL,
  `created_at` timestamp NULL DEFAULT NULL,
  `updated_at` timestamp NULL DEFAULT NULL
) ENGINE=InnoDB DEFAULT CHARSET=utf8mb4 COLLATE=utf8mb4_unicode_ci;

--
-- Dumping data for table `alamat`
--

INSERT INTO `alamat` (`id`, `cities_id`, `detail`, `user_id`, `created_at`, `updated_at`) VALUES
(2, 103, 'Kecamatan Kawali', 5, '2020-03-23 20:55:25', '2020-03-23 23:32:04'),
(3, 419, 'Kecamatan Kawali', 4, '2020-03-23 21:14:07', '2020-03-23 21:14:07'),
(4, 50, 'Kecamatan Kawali', 7, '2020-03-24 17:36:41', '2020-03-24 17:36:41'),
(5, 91, 'Qq', 6, '2020-03-24 18:04:48', '2020-03-24 18:04:48'),
(6, 103, 'Kawali', 8, '2020-03-25 02:48:49', '2020-03-25 02:48:49'),
(7, 103, 'Kawali', 9, '2020-03-25 02:56:30', '2020-03-25 02:56:30'),
(8, 103, 'Kawali', 10, '2020-03-25 03:02:54', '2020-03-25 03:02:54'),
(9, 103, 'Kawali', 12, '2020-04-27 09:08:24', '2020-04-27 09:08:24'),
(10, 17, 'Jalan', 15, '2023-07-05 00:00:24', '2023-07-05 00:00:24'),
(11, 350, 'Jalan Siak 1', 16, '2023-07-07 17:37:48', '2023-07-07 17:37:48');

-- --------------------------------------------------------

--
-- Table structure for table `alamat_toko`
--

CREATE TABLE `alamat_toko` (
  `id` bigint(20) UNSIGNED NOT NULL,
  `city_id` int(11) NOT NULL,
  `detail` varchar(255) COLLATE utf8mb4_unicode_ci NOT NULL,
  `created_at` timestamp NULL DEFAULT NULL,
  `updated_at` timestamp NULL DEFAULT NULL
) ENGINE=InnoDB DEFAULT CHARSET=utf8mb4 COLLATE=utf8mb4_unicode_ci;

--
-- Dumping data for table `alamat_toko`
--

INSERT INTO `alamat_toko` (`id`, `city_id`, `detail`, `created_at`, `updated_at`) VALUES
(1, 350, 'BPU Kampus Bina Widya KM. 12,5, Simpang Baru, Kec. Tampan, Kota Pekanbaru, Riau 28293', NULL, NULL);

-- --------------------------------------------------------

--
-- Table structure for table `categories`
--

CREATE TABLE `categories` (
  `id` bigint(20) UNSIGNED NOT NULL,
  `name` varchar(255) COLLATE utf8mb4_unicode_ci NOT NULL,
  `created_at` timestamp NULL DEFAULT NULL,
  `updated_at` timestamp NULL DEFAULT NULL
) ENGINE=InnoDB DEFAULT CHARSET=utf8mb4 COLLATE=utf8mb4_unicode_ci;

--
-- Dumping data for table `categories`
--

INSERT INTO `categories` (`id`, `name`, `created_at`, `updated_at`) VALUES
(1, 'Toko Digital', '2020-03-22 07:29:17', '2020-03-22 07:29:17'),
(3, 'Energi', '2020-03-22 22:46:20', '2020-03-22 22:46:20'),
(5, 'Guest House dan pemondokan', '2020-03-26 08:15:44', '2020-03-26 08:15:44'),
(6, 'Olahraga dan seni', '2020-03-26 08:23:03', '2020-03-26 08:23:03'),
(7, 'Layanan Percetakan', '2020-03-26 08:27:27', '2020-03-26 08:27:27'),
(8, 'Penyewaan', '2020-03-26 08:30:56', '2020-03-26 08:30:56'),
(9, 'perjalanan dan Wisata', NULL, NULL),
(10, 'Laboratorium Terpadu', NULL, NULL),
(11, 'Kuliner', NULL, NULL);

-- --------------------------------------------------------

--
-- Table structure for table `cities`
--

CREATE TABLE `cities` (
  `id` bigint(20) UNSIGNED NOT NULL,
  `province_id` bigint(20) UNSIGNED NOT NULL,
  `city_id` bigint(20) UNSIGNED NOT NULL,
  `title` varchar(255) COLLATE utf8mb4_unicode_ci NOT NULL,
  `created_at` timestamp NULL DEFAULT NULL,
  `updated_at` timestamp NULL DEFAULT NULL
) ENGINE=InnoDB DEFAULT CHARSET=utf8mb4 COLLATE=utf8mb4_unicode_ci;

--
-- Dumping data for table `cities`
--

INSERT INTO `cities` (`id`, `province_id`, `city_id`, `title`, `created_at`, `updated_at`) VALUES
(35, 1, 17, 'Badung', '2020-03-22 07:06:13', '2020-03-22 07:06:13'),
(36, 1, 32, 'Bangli', '2020-03-22 07:06:13', '2020-03-22 07:06:13'),
(37, 1, 94, 'Buleleng', '2020-03-22 07:06:13', '2020-03-22 07:06:13'),
(38, 1, 114, 'Denpasar', '2020-03-22 07:06:13', '2020-03-22 07:06:13'),
(39, 1, 128, 'Gianyar', '2020-03-22 07:06:13', '2020-03-22 07:06:13'),
(40, 1, 161, 'Jembrana', '2020-03-22 07:06:13', '2020-03-22 07:06:13'),
(41, 1, 170, 'Karangasem', '2020-03-22 07:06:13', '2020-03-22 07:06:13'),
(42, 1, 197, 'Klungkung', '2020-03-22 07:06:13', '2020-03-22 07:06:13'),
(43, 1, 447, 'Tabanan', '2020-03-22 07:06:13', '2020-03-22 07:06:13'),
(44, 2, 27, 'Bangka', '2020-03-22 07:06:14', '2020-03-22 07:06:14'),
(45, 2, 28, 'Bangka Barat', '2020-03-22 07:06:14', '2020-03-22 07:06:14'),
(46, 2, 29, 'Bangka Selatan', '2020-03-22 07:06:14', '2020-03-22 07:06:14'),
(47, 2, 30, 'Bangka Tengah', '2020-03-22 07:06:14', '2020-03-22 07:06:14'),
(48, 2, 56, 'Belitung', '2020-03-22 07:06:14', '2020-03-22 07:06:14'),
(49, 2, 57, 'Belitung Timur', '2020-03-22 07:06:14', '2020-03-22 07:06:14'),
(50, 2, 334, 'Pangkal Pinang', '2020-03-22 07:06:14', '2020-03-22 07:06:14'),
(51, 3, 106, 'Cilegon', '2020-03-22 07:06:15', '2020-03-22 07:06:15'),
(52, 3, 232, 'Lebak', '2020-03-22 07:06:15', '2020-03-22 07:06:15'),
(53, 3, 331, 'Pandeglang', '2020-03-22 07:06:15', '2020-03-22 07:06:15'),
(54, 3, 402, 'Serang', '2020-03-22 07:06:15', '2020-03-22 07:06:15'),
(55, 3, 403, 'Serang', '2020-03-22 07:06:15', '2020-03-22 07:06:15'),
(56, 3, 455, 'Tangerang', '2020-03-22 07:06:15', '2020-03-22 07:06:15'),
(57, 3, 456, 'Tangerang', '2020-03-22 07:06:15', '2020-03-22 07:06:15'),
(58, 3, 457, 'Tangerang Selatan', '2020-03-22 07:06:15', '2020-03-22 07:06:15'),
(59, 4, 62, 'Bengkulu', '2020-03-22 07:06:16', '2020-03-22 07:06:16'),
(60, 4, 63, 'Bengkulu Selatan', '2020-03-22 07:06:16', '2020-03-22 07:06:16'),
(61, 4, 64, 'Bengkulu Tengah', '2020-03-22 07:06:16', '2020-03-22 07:06:16'),
(62, 4, 65, 'Bengkulu Utara', '2020-03-22 07:06:16', '2020-03-22 07:06:16'),
(63, 4, 175, 'Kaur', '2020-03-22 07:06:16', '2020-03-22 07:06:16'),
(64, 4, 183, 'Kepahiang', '2020-03-22 07:06:16', '2020-03-22 07:06:16'),
(65, 4, 233, 'Lebong', '2020-03-22 07:06:16', '2020-03-22 07:06:16'),
(66, 4, 294, 'Muko Muko', '2020-03-22 07:06:16', '2020-03-22 07:06:16'),
(67, 4, 379, 'Rejang Lebong', '2020-03-22 07:06:16', '2020-03-22 07:06:16'),
(68, 4, 397, 'Seluma', '2020-03-22 07:06:16', '2020-03-22 07:06:16'),
(69, 5, 39, 'Bantul', '2020-03-22 07:06:18', '2020-03-22 07:06:18'),
(70, 5, 135, 'Gunung Kidul', '2020-03-22 07:06:19', '2020-03-22 07:06:19'),
(71, 5, 210, 'Kulon Progo', '2020-03-22 07:06:19', '2020-03-22 07:06:19'),
(72, 5, 419, 'Sleman', '2020-03-22 07:06:19', '2020-03-22 07:06:19'),
(73, 5, 501, 'Yogyakarta', '2020-03-22 07:06:19', '2020-03-22 07:06:19'),
(74, 6, 151, 'Jakarta Barat', '2020-03-22 07:06:23', '2020-03-22 07:06:23'),
(75, 6, 152, 'Jakarta Pusat', '2020-03-22 07:06:23', '2020-03-22 07:06:23'),
(76, 6, 153, 'Jakarta Selatan', '2020-03-22 07:06:23', '2020-03-22 07:06:23'),
(77, 6, 154, 'Jakarta Timur', '2020-03-22 07:06:23', '2020-03-22 07:06:23'),
(78, 6, 155, 'Jakarta Utara', '2020-03-22 07:06:23', '2020-03-22 07:06:23'),
(79, 6, 189, 'Kepulauan Seribu', '2020-03-22 07:06:23', '2020-03-22 07:06:23'),
(80, 7, 77, 'Boalemo', '2020-03-22 07:06:24', '2020-03-22 07:06:24'),
(81, 7, 88, 'Bone Bolango', '2020-03-22 07:06:24', '2020-03-22 07:06:24'),
(82, 7, 129, 'Gorontalo', '2020-03-22 07:06:24', '2020-03-22 07:06:24'),
(83, 7, 130, 'Gorontalo', '2020-03-22 07:06:24', '2020-03-22 07:06:24'),
(84, 7, 131, 'Gorontalo Utara', '2020-03-22 07:06:24', '2020-03-22 07:06:24'),
(85, 7, 361, 'Pohuwato', '2020-03-22 07:06:24', '2020-03-22 07:06:24'),
(86, 8, 50, 'Batang Hari', '2020-03-22 07:06:25', '2020-03-22 07:06:25'),
(87, 8, 97, 'Bungo', '2020-03-22 07:06:26', '2020-03-22 07:06:26'),
(88, 8, 156, 'Jambi', '2020-03-22 07:06:26', '2020-03-22 07:06:26'),
(89, 8, 194, 'Kerinci', '2020-03-22 07:06:26', '2020-03-22 07:06:26'),
(90, 8, 280, 'Merangin', '2020-03-22 07:06:26', '2020-03-22 07:06:26'),
(91, 8, 293, 'Muaro Jambi', '2020-03-22 07:06:26', '2020-03-22 07:06:26'),
(92, 8, 393, 'Sarolangun', '2020-03-22 07:06:26', '2020-03-22 07:06:26'),
(93, 8, 442, 'Sungaipenuh', '2020-03-22 07:06:26', '2020-03-22 07:06:26'),
(94, 8, 460, 'Tanjung Jabung Barat', '2020-03-22 07:06:26', '2020-03-22 07:06:26'),
(95, 8, 461, 'Tanjung Jabung Timur', '2020-03-22 07:06:26', '2020-03-22 07:06:26'),
(96, 8, 471, 'Tebo', '2020-03-22 07:06:26', '2020-03-22 07:06:26'),
(97, 9, 22, 'Bandung', '2020-03-22 07:06:27', '2020-03-22 07:06:27'),
(98, 9, 23, 'Bandung', '2020-03-22 07:06:27', '2020-03-22 07:06:27'),
(99, 9, 24, 'Bandung Barat', '2020-03-22 07:06:27', '2020-03-22 07:06:27'),
(100, 9, 34, 'Banjar', '2020-03-22 07:06:27', '2020-03-22 07:06:27'),
(101, 9, 54, 'Bekasi', '2020-03-22 07:06:27', '2020-03-22 07:06:27'),
(102, 9, 55, 'Bekasi', '2020-03-22 07:06:27', '2020-03-22 07:06:27'),
(103, 9, 78, 'Bogor', '2020-03-22 07:06:27', '2020-03-22 07:06:27'),
(104, 9, 79, 'Bogor', '2020-03-22 07:06:27', '2020-03-22 07:06:27'),
(105, 9, 103, 'Ciamis', '2020-03-22 07:06:28', '2020-03-22 07:06:28'),
(106, 9, 104, 'Cianjur', '2020-03-22 07:06:28', '2020-03-22 07:06:28'),
(107, 9, 107, 'Cimahi', '2020-03-22 07:06:28', '2020-03-22 07:06:28'),
(108, 9, 108, 'Cirebon', '2020-03-22 07:06:28', '2020-03-22 07:06:28'),
(109, 9, 109, 'Cirebon', '2020-03-22 07:06:28', '2020-03-22 07:06:28'),
(110, 9, 115, 'Depok', '2020-03-22 07:06:28', '2020-03-22 07:06:28'),
(111, 9, 126, 'Garut', '2020-03-22 07:06:28', '2020-03-22 07:06:28'),
(112, 9, 149, 'Indramayu', '2020-03-22 07:06:28', '2020-03-22 07:06:28'),
(113, 9, 171, 'Karawang', '2020-03-22 07:06:28', '2020-03-22 07:06:28'),
(114, 9, 211, 'Kuningan', '2020-03-22 07:06:28', '2020-03-22 07:06:28'),
(115, 9, 252, 'Majalengka', '2020-03-22 07:06:28', '2020-03-22 07:06:28'),
(116, 9, 332, 'Pangandaran', '2020-03-22 07:06:28', '2020-03-22 07:06:28'),
(117, 9, 376, 'Purwakarta', '2020-03-22 07:06:28', '2020-03-22 07:06:28'),
(118, 9, 428, 'Subang', '2020-03-22 07:06:28', '2020-03-22 07:06:28'),
(119, 9, 430, 'Sukabumi', '2020-03-22 07:06:28', '2020-03-22 07:06:28'),
(120, 9, 431, 'Sukabumi', '2020-03-22 07:06:28', '2020-03-22 07:06:28'),
(121, 9, 440, 'Sumedang', '2020-03-22 07:06:29', '2020-03-22 07:06:29'),
(122, 9, 468, 'Tasikmalaya', '2020-03-22 07:06:29', '2020-03-22 07:06:29'),
(123, 9, 469, 'Tasikmalaya', '2020-03-22 07:06:29', '2020-03-22 07:06:29'),
(124, 10, 37, 'Banjarnegara', '2020-03-22 07:06:31', '2020-03-22 07:06:31'),
(125, 10, 41, 'Banyumas', '2020-03-22 07:06:31', '2020-03-22 07:06:31'),
(126, 10, 49, 'Batang', '2020-03-22 07:06:31', '2020-03-22 07:06:31'),
(127, 10, 76, 'Blora', '2020-03-22 07:06:31', '2020-03-22 07:06:31'),
(128, 10, 91, 'Boyolali', '2020-03-22 07:06:31', '2020-03-22 07:06:31'),
(129, 10, 92, 'Brebes', '2020-03-22 07:06:31', '2020-03-22 07:06:31'),
(130, 10, 105, 'Cilacap', '2020-03-22 07:06:31', '2020-03-22 07:06:31'),
(131, 10, 113, 'Demak', '2020-03-22 07:06:32', '2020-03-22 07:06:32'),
(132, 10, 134, 'Grobogan', '2020-03-22 07:06:32', '2020-03-22 07:06:32'),
(133, 10, 163, 'Jepara', '2020-03-22 07:06:32', '2020-03-22 07:06:32'),
(134, 10, 169, 'Karanganyar', '2020-03-22 07:06:32', '2020-03-22 07:06:32'),
(135, 10, 177, 'Kebumen', '2020-03-22 07:06:32', '2020-03-22 07:06:32'),
(136, 10, 181, 'Kendal', '2020-03-22 07:06:32', '2020-03-22 07:06:32'),
(137, 10, 196, 'Klaten', '2020-03-22 07:06:32', '2020-03-22 07:06:32'),
(138, 10, 209, 'Kudus', '2020-03-22 07:06:32', '2020-03-22 07:06:32'),
(139, 10, 249, 'Magelang', '2020-03-22 07:06:32', '2020-03-22 07:06:32'),
(140, 10, 250, 'Magelang', '2020-03-22 07:06:32', '2020-03-22 07:06:32'),
(141, 10, 344, 'Pati', '2020-03-22 07:06:32', '2020-03-22 07:06:32'),
(142, 10, 348, 'Pekalongan', '2020-03-22 07:06:32', '2020-03-22 07:06:32'),
(143, 10, 349, 'Pekalongan', '2020-03-22 07:06:32', '2020-03-22 07:06:32'),
(144, 10, 352, 'Pemalang', '2020-03-22 07:06:32', '2020-03-22 07:06:32'),
(145, 10, 375, 'Purbalingga', '2020-03-22 07:06:32', '2020-03-22 07:06:32'),
(146, 10, 377, 'Purworejo', '2020-03-22 07:06:32', '2020-03-22 07:06:32'),
(147, 10, 380, 'Rembang', '2020-03-22 07:06:32', '2020-03-22 07:06:32'),
(148, 10, 386, 'Salatiga', '2020-03-22 07:06:33', '2020-03-22 07:06:33'),
(149, 10, 398, 'Semarang', '2020-03-22 07:06:33', '2020-03-22 07:06:33'),
(150, 10, 399, 'Semarang', '2020-03-22 07:06:33', '2020-03-22 07:06:33'),
(151, 10, 427, 'Sragen', '2020-03-22 07:06:33', '2020-03-22 07:06:33'),
(152, 10, 433, 'Sukoharjo', '2020-03-22 07:06:33', '2020-03-22 07:06:33'),
(153, 10, 445, 'Surakarta (Solo)', '2020-03-22 07:06:33', '2020-03-22 07:06:33'),
(154, 10, 472, 'Tegal', '2020-03-22 07:06:33', '2020-03-22 07:06:33'),
(155, 10, 473, 'Tegal', '2020-03-22 07:06:33', '2020-03-22 07:06:33'),
(156, 10, 476, 'Temanggung', '2020-03-22 07:06:33', '2020-03-22 07:06:33'),
(157, 10, 497, 'Wonogiri', '2020-03-22 07:06:33', '2020-03-22 07:06:33'),
(158, 10, 498, 'Wonosobo', '2020-03-22 07:06:33', '2020-03-22 07:06:33'),
(159, 11, 31, 'Bangkalan', '2020-03-22 07:06:34', '2020-03-22 07:06:34'),
(160, 11, 42, 'Banyuwangi', '2020-03-22 07:06:34', '2020-03-22 07:06:34'),
(161, 11, 51, 'Batu', '2020-03-22 07:06:35', '2020-03-22 07:06:35'),
(162, 11, 74, 'Blitar', '2020-03-22 07:06:35', '2020-03-22 07:06:35'),
(163, 11, 75, 'Blitar', '2020-03-22 07:06:35', '2020-03-22 07:06:35'),
(164, 11, 80, 'Bojonegoro', '2020-03-22 07:06:35', '2020-03-22 07:06:35'),
(165, 11, 86, 'Bondowoso', '2020-03-22 07:06:35', '2020-03-22 07:06:35'),
(166, 11, 133, 'Gresik', '2020-03-22 07:06:35', '2020-03-22 07:06:35'),
(167, 11, 160, 'Jember', '2020-03-22 07:06:35', '2020-03-22 07:06:35'),
(168, 11, 164, 'Jombang', '2020-03-22 07:06:35', '2020-03-22 07:06:35'),
(169, 11, 178, 'Kediri', '2020-03-22 07:06:35', '2020-03-22 07:06:35'),
(170, 11, 179, 'Kediri', '2020-03-22 07:06:35', '2020-03-22 07:06:35'),
(171, 11, 222, 'Lamongan', '2020-03-22 07:06:35', '2020-03-22 07:06:35'),
(172, 11, 243, 'Lumajang', '2020-03-22 07:06:35', '2020-03-22 07:06:35'),
(173, 11, 247, 'Madiun', '2020-03-22 07:06:35', '2020-03-22 07:06:35'),
(174, 11, 248, 'Madiun', '2020-03-22 07:06:35', '2020-03-22 07:06:35'),
(175, 11, 251, 'Magetan', '2020-03-22 07:06:35', '2020-03-22 07:06:35'),
(176, 11, 255, 'Malang', '2020-03-22 07:06:35', '2020-03-22 07:06:35'),
(177, 11, 256, 'Malang', '2020-03-22 07:06:35', '2020-03-22 07:06:35'),
(178, 11, 289, 'Mojokerto', '2020-03-22 07:06:35', '2020-03-22 07:06:35'),
(179, 11, 290, 'Mojokerto', '2020-03-22 07:06:35', '2020-03-22 07:06:35'),
(180, 11, 305, 'Nganjuk', '2020-03-22 07:06:35', '2020-03-22 07:06:35'),
(181, 11, 306, 'Ngawi', '2020-03-22 07:06:36', '2020-03-22 07:06:36'),
(182, 11, 317, 'Pacitan', '2020-03-22 07:06:36', '2020-03-22 07:06:36'),
(183, 11, 330, 'Pamekasan', '2020-03-22 07:06:36', '2020-03-22 07:06:36'),
(184, 11, 342, 'Pasuruan', '2020-03-22 07:06:36', '2020-03-22 07:06:36'),
(185, 11, 343, 'Pasuruan', '2020-03-22 07:06:36', '2020-03-22 07:06:36'),
(186, 11, 363, 'Ponorogo', '2020-03-22 07:06:36', '2020-03-22 07:06:36'),
(187, 11, 369, 'Probolinggo', '2020-03-22 07:06:36', '2020-03-22 07:06:36'),
(188, 11, 370, 'Probolinggo', '2020-03-22 07:06:36', '2020-03-22 07:06:36'),
(189, 11, 390, 'Sampang', '2020-03-22 07:06:36', '2020-03-22 07:06:36'),
(190, 11, 409, 'Sidoarjo', '2020-03-22 07:06:36', '2020-03-22 07:06:36'),
(191, 11, 418, 'Situbondo', '2020-03-22 07:06:36', '2020-03-22 07:06:36'),
(192, 11, 441, 'Sumenep', '2020-03-22 07:06:36', '2020-03-22 07:06:36'),
(193, 11, 444, 'Surabaya', '2020-03-22 07:06:36', '2020-03-22 07:06:36'),
(194, 11, 487, 'Trenggalek', '2020-03-22 07:06:36', '2020-03-22 07:06:36'),
(195, 11, 489, 'Tuban', '2020-03-22 07:06:36', '2020-03-22 07:06:36'),
(196, 11, 492, 'Tulungagung', '2020-03-22 07:06:37', '2020-03-22 07:06:37'),
(197, 12, 61, 'Bengkayang', '2020-03-22 07:06:37', '2020-03-22 07:06:37'),
(198, 12, 168, 'Kapuas Hulu', '2020-03-22 07:06:37', '2020-03-22 07:06:37'),
(199, 12, 176, 'Kayong Utara', '2020-03-22 07:06:37', '2020-03-22 07:06:37'),
(200, 12, 195, 'Ketapang', '2020-03-22 07:06:37', '2020-03-22 07:06:37'),
(201, 12, 208, 'Kubu Raya', '2020-03-22 07:06:37', '2020-03-22 07:06:37'),
(202, 12, 228, 'Landak', '2020-03-22 07:06:37', '2020-03-22 07:06:37'),
(203, 12, 279, 'Melawi', '2020-03-22 07:06:37', '2020-03-22 07:06:37'),
(204, 12, 364, 'Pontianak', '2020-03-22 07:06:37', '2020-03-22 07:06:37'),
(205, 12, 365, 'Pontianak', '2020-03-22 07:06:38', '2020-03-22 07:06:38'),
(206, 12, 388, 'Sambas', '2020-03-22 07:06:38', '2020-03-22 07:06:38'),
(207, 12, 391, 'Sanggau', '2020-03-22 07:06:38', '2020-03-22 07:06:38'),
(208, 12, 395, 'Sekadau', '2020-03-22 07:06:38', '2020-03-22 07:06:38'),
(209, 12, 415, 'Singkawang', '2020-03-22 07:06:38', '2020-03-22 07:06:38'),
(210, 12, 417, 'Sintang', '2020-03-22 07:06:38', '2020-03-22 07:06:38'),
(211, 13, 18, 'Balangan', '2020-03-22 07:06:39', '2020-03-22 07:06:39'),
(212, 13, 33, 'Banjar', '2020-03-22 07:06:39', '2020-03-22 07:06:39'),
(213, 13, 35, 'Banjarbaru', '2020-03-22 07:06:39', '2020-03-22 07:06:39'),
(214, 13, 36, 'Banjarmasin', '2020-03-22 07:06:39', '2020-03-22 07:06:39'),
(215, 13, 43, 'Barito Kuala', '2020-03-22 07:06:40', '2020-03-22 07:06:40'),
(216, 13, 143, 'Hulu Sungai Selatan', '2020-03-22 07:06:40', '2020-03-22 07:06:40'),
(217, 13, 144, 'Hulu Sungai Tengah', '2020-03-22 07:06:40', '2020-03-22 07:06:40'),
(218, 13, 145, 'Hulu Sungai Utara', '2020-03-22 07:06:40', '2020-03-22 07:06:40'),
(219, 13, 203, 'Kotabaru', '2020-03-22 07:06:40', '2020-03-22 07:06:40'),
(220, 13, 446, 'Tabalong', '2020-03-22 07:06:40', '2020-03-22 07:06:40'),
(221, 13, 452, 'Tanah Bumbu', '2020-03-22 07:06:40', '2020-03-22 07:06:40'),
(222, 13, 454, 'Tanah Laut', '2020-03-22 07:06:40', '2020-03-22 07:06:40'),
(223, 13, 466, 'Tapin', '2020-03-22 07:06:40', '2020-03-22 07:06:40'),
(224, 14, 44, 'Barito Selatan', '2020-03-22 07:06:41', '2020-03-22 07:06:41'),
(225, 14, 45, 'Barito Timur', '2020-03-22 07:06:41', '2020-03-22 07:06:41'),
(226, 14, 46, 'Barito Utara', '2020-03-22 07:06:41', '2020-03-22 07:06:41'),
(227, 14, 136, 'Gunung Mas', '2020-03-22 07:06:42', '2020-03-22 07:06:42'),
(228, 14, 167, 'Kapuas', '2020-03-22 07:06:42', '2020-03-22 07:06:42'),
(229, 14, 174, 'Katingan', '2020-03-22 07:06:42', '2020-03-22 07:06:42'),
(230, 14, 205, 'Kotawaringin Barat', '2020-03-22 07:06:42', '2020-03-22 07:06:42'),
(231, 14, 206, 'Kotawaringin Timur', '2020-03-22 07:06:42', '2020-03-22 07:06:42'),
(232, 14, 221, 'Lamandau', '2020-03-22 07:06:42', '2020-03-22 07:06:42'),
(233, 14, 296, 'Murung Raya', '2020-03-22 07:06:42', '2020-03-22 07:06:42'),
(234, 14, 326, 'Palangka Raya', '2020-03-22 07:06:42', '2020-03-22 07:06:42'),
(235, 14, 371, 'Pulang Pisau', '2020-03-22 07:06:42', '2020-03-22 07:06:42'),
(236, 14, 405, 'Seruyan', '2020-03-22 07:06:42', '2020-03-22 07:06:42'),
(237, 14, 432, 'Sukamara', '2020-03-22 07:06:42', '2020-03-22 07:06:42'),
(238, 15, 19, 'Balikpapan', '2020-03-22 07:06:43', '2020-03-22 07:06:43'),
(239, 15, 66, 'Berau', '2020-03-22 07:06:43', '2020-03-22 07:06:43'),
(240, 15, 89, 'Bontang', '2020-03-22 07:06:43', '2020-03-22 07:06:43'),
(241, 15, 214, 'Kutai Barat', '2020-03-22 07:06:43', '2020-03-22 07:06:43'),
(242, 15, 215, 'Kutai Kartanegara', '2020-03-22 07:06:44', '2020-03-22 07:06:44'),
(243, 15, 216, 'Kutai Timur', '2020-03-22 07:06:44', '2020-03-22 07:06:44'),
(244, 15, 341, 'Paser', '2020-03-22 07:06:44', '2020-03-22 07:06:44'),
(245, 15, 354, 'Penajam Paser Utara', '2020-03-22 07:06:44', '2020-03-22 07:06:44'),
(246, 15, 387, 'Samarinda', '2020-03-22 07:06:44', '2020-03-22 07:06:44'),
(247, 16, 96, 'Bulungan (Bulongan)', '2020-03-22 07:06:45', '2020-03-22 07:06:45'),
(248, 16, 257, 'Malinau', '2020-03-22 07:06:45', '2020-03-22 07:06:45'),
(249, 16, 311, 'Nunukan', '2020-03-22 07:06:45', '2020-03-22 07:06:45'),
(250, 16, 450, 'Tana Tidung', '2020-03-22 07:06:45', '2020-03-22 07:06:45'),
(251, 16, 467, 'Tarakan', '2020-03-22 07:06:45', '2020-03-22 07:06:45'),
(252, 17, 48, 'Batam', '2020-03-22 07:07:15', '2020-03-22 07:07:15'),
(253, 17, 71, 'Bintan', '2020-03-22 07:07:15', '2020-03-22 07:07:15'),
(254, 17, 172, 'Karimun', '2020-03-22 07:07:15', '2020-03-22 07:07:15'),
(255, 17, 184, 'Kepulauan Anambas', '2020-03-22 07:07:15', '2020-03-22 07:07:15'),
(256, 17, 237, 'Lingga', '2020-03-22 07:07:15', '2020-03-22 07:07:15'),
(257, 17, 302, 'Natuna', '2020-03-22 07:07:15', '2020-03-22 07:07:15'),
(258, 17, 462, 'Tanjung Pinang', '2020-03-22 07:07:15', '2020-03-22 07:07:15'),
(259, 18, 21, 'Bandar Lampung', '2020-03-22 07:07:17', '2020-03-22 07:07:17'),
(260, 18, 223, 'Lampung Barat', '2020-03-22 07:07:17', '2020-03-22 07:07:17'),
(261, 18, 224, 'Lampung Selatan', '2020-03-22 07:07:17', '2020-03-22 07:07:17'),
(262, 18, 225, 'Lampung Tengah', '2020-03-22 07:07:17', '2020-03-22 07:07:17'),
(263, 18, 226, 'Lampung Timur', '2020-03-22 07:07:17', '2020-03-22 07:07:17'),
(264, 18, 227, 'Lampung Utara', '2020-03-22 07:07:17', '2020-03-22 07:07:17'),
(265, 18, 282, 'Mesuji', '2020-03-22 07:07:17', '2020-03-22 07:07:17'),
(266, 18, 283, 'Metro', '2020-03-22 07:07:17', '2020-03-22 07:07:17'),
(267, 18, 355, 'Pesawaran', '2020-03-22 07:07:17', '2020-03-22 07:07:17'),
(268, 18, 356, 'Pesisir Barat', '2020-03-22 07:07:17', '2020-03-22 07:07:17'),
(269, 18, 368, 'Pringsewu', '2020-03-22 07:07:17', '2020-03-22 07:07:17'),
(270, 18, 458, 'Tanggamus', '2020-03-22 07:07:17', '2020-03-22 07:07:17'),
(271, 18, 490, 'Tulang Bawang', '2020-03-22 07:07:17', '2020-03-22 07:07:17'),
(272, 18, 491, 'Tulang Bawang Barat', '2020-03-22 07:07:17', '2020-03-22 07:07:17'),
(273, 18, 496, 'Way Kanan', '2020-03-22 07:07:17', '2020-03-22 07:07:17'),
(274, 19, 14, 'Ambon', '2020-03-22 07:07:18', '2020-03-22 07:07:18'),
(275, 19, 99, 'Buru', '2020-03-22 07:07:18', '2020-03-22 07:07:18'),
(276, 19, 100, 'Buru Selatan', '2020-03-22 07:07:19', '2020-03-22 07:07:19'),
(277, 19, 185, 'Kepulauan Aru', '2020-03-22 07:07:19', '2020-03-22 07:07:19'),
(278, 19, 258, 'Maluku Barat Daya', '2020-03-22 07:07:19', '2020-03-22 07:07:19'),
(279, 19, 259, 'Maluku Tengah', '2020-03-22 07:07:19', '2020-03-22 07:07:19'),
(280, 19, 260, 'Maluku Tenggara', '2020-03-22 07:07:19', '2020-03-22 07:07:19'),
(281, 19, 261, 'Maluku Tenggara Barat', '2020-03-22 07:07:19', '2020-03-22 07:07:19'),
(282, 19, 400, 'Seram Bagian Barat', '2020-03-22 07:07:19', '2020-03-22 07:07:19'),
(283, 19, 401, 'Seram Bagian Timur', '2020-03-22 07:07:19', '2020-03-22 07:07:19'),
(284, 19, 488, 'Tual', '2020-03-22 07:07:19', '2020-03-22 07:07:19'),
(285, 20, 138, 'Halmahera Barat', '2020-03-22 07:07:20', '2020-03-22 07:07:20'),
(286, 20, 139, 'Halmahera Selatan', '2020-03-22 07:07:20', '2020-03-22 07:07:20'),
(287, 20, 140, 'Halmahera Tengah', '2020-03-22 07:07:20', '2020-03-22 07:07:20'),
(288, 20, 141, 'Halmahera Timur', '2020-03-22 07:07:20', '2020-03-22 07:07:20'),
(289, 20, 142, 'Halmahera Utara', '2020-03-22 07:07:20', '2020-03-22 07:07:20'),
(290, 20, 191, 'Kepulauan Sula', '2020-03-22 07:07:20', '2020-03-22 07:07:20'),
(291, 20, 372, 'Pulau Morotai', '2020-03-22 07:07:20', '2020-03-22 07:07:20'),
(292, 20, 477, 'Ternate', '2020-03-22 07:07:20', '2020-03-22 07:07:20'),
(293, 20, 478, 'Tidore Kepulauan', '2020-03-22 07:07:21', '2020-03-22 07:07:21'),
(294, 21, 1, 'Aceh Barat', '2020-03-22 07:07:22', '2020-03-22 07:07:22'),
(295, 21, 2, 'Aceh Barat Daya', '2020-03-22 07:07:22', '2020-03-22 07:07:22'),
(296, 21, 3, 'Aceh Besar', '2020-03-22 07:07:22', '2020-03-22 07:07:22'),
(297, 21, 4, 'Aceh Jaya', '2020-03-22 07:07:22', '2020-03-22 07:07:22'),
(298, 21, 5, 'Aceh Selatan', '2020-03-22 07:07:22', '2020-03-22 07:07:22'),
(299, 21, 6, 'Aceh Singkil', '2020-03-22 07:07:22', '2020-03-22 07:07:22'),
(300, 21, 7, 'Aceh Tamiang', '2020-03-22 07:07:22', '2020-03-22 07:07:22'),
(301, 21, 8, 'Aceh Tengah', '2020-03-22 07:07:22', '2020-03-22 07:07:22'),
(302, 21, 9, 'Aceh Tenggara', '2020-03-22 07:07:22', '2020-03-22 07:07:22'),
(303, 21, 10, 'Aceh Timur', '2020-03-22 07:07:22', '2020-03-22 07:07:22'),
(304, 21, 11, 'Aceh Utara', '2020-03-22 07:07:23', '2020-03-22 07:07:23'),
(305, 21, 20, 'Banda Aceh', '2020-03-22 07:07:23', '2020-03-22 07:07:23'),
(306, 21, 59, 'Bener Meriah', '2020-03-22 07:07:23', '2020-03-22 07:07:23'),
(307, 21, 72, 'Bireuen', '2020-03-22 07:07:23', '2020-03-22 07:07:23'),
(308, 21, 127, 'Gayo Lues', '2020-03-22 07:07:23', '2020-03-22 07:07:23'),
(309, 21, 230, 'Langsa', '2020-03-22 07:07:23', '2020-03-22 07:07:23'),
(310, 21, 235, 'Lhokseumawe', '2020-03-22 07:07:23', '2020-03-22 07:07:23'),
(311, 21, 300, 'Nagan Raya', '2020-03-22 07:07:23', '2020-03-22 07:07:23'),
(312, 21, 358, 'Pidie', '2020-03-22 07:07:23', '2020-03-22 07:07:23'),
(313, 21, 359, 'Pidie Jaya', '2020-03-22 07:07:23', '2020-03-22 07:07:23'),
(314, 21, 384, 'Sabang', '2020-03-22 07:07:23', '2020-03-22 07:07:23'),
(315, 21, 414, 'Simeulue', '2020-03-22 07:07:23', '2020-03-22 07:07:23'),
(316, 21, 429, 'Subulussalam', '2020-03-22 07:07:23', '2020-03-22 07:07:23'),
(317, 22, 68, 'Bima', '2020-03-22 07:07:26', '2020-03-22 07:07:26'),
(318, 22, 69, 'Bima', '2020-03-22 07:07:26', '2020-03-22 07:07:26'),
(319, 22, 118, 'Dompu', '2020-03-22 07:07:26', '2020-03-22 07:07:26'),
(320, 22, 238, 'Lombok Barat', '2020-03-22 07:07:26', '2020-03-22 07:07:26'),
(321, 22, 239, 'Lombok Tengah', '2020-03-22 07:07:26', '2020-03-22 07:07:26'),
(322, 22, 240, 'Lombok Timur', '2020-03-22 07:07:26', '2020-03-22 07:07:26'),
(323, 22, 241, 'Lombok Utara', '2020-03-22 07:07:26', '2020-03-22 07:07:26'),
(324, 22, 276, 'Mataram', '2020-03-22 07:07:26', '2020-03-22 07:07:26'),
(325, 22, 438, 'Sumbawa', '2020-03-22 07:07:26', '2020-03-22 07:07:26'),
(326, 22, 439, 'Sumbawa Barat', '2020-03-22 07:07:26', '2020-03-22 07:07:26'),
(327, 23, 13, 'Alor', '2020-03-22 07:07:29', '2020-03-22 07:07:29'),
(328, 23, 58, 'Belu', '2020-03-22 07:07:29', '2020-03-22 07:07:29'),
(329, 23, 122, 'Ende', '2020-03-22 07:07:29', '2020-03-22 07:07:29'),
(330, 23, 125, 'Flores Timur', '2020-03-22 07:07:29', '2020-03-22 07:07:29'),
(331, 23, 212, 'Kupang', '2020-03-22 07:07:29', '2020-03-22 07:07:29'),
(332, 23, 213, 'Kupang', '2020-03-22 07:07:29', '2020-03-22 07:07:29'),
(333, 23, 234, 'Lembata', '2020-03-22 07:07:29', '2020-03-22 07:07:29'),
(334, 23, 269, 'Manggarai', '2020-03-22 07:07:29', '2020-03-22 07:07:29'),
(335, 23, 270, 'Manggarai Barat', '2020-03-22 07:07:29', '2020-03-22 07:07:29'),
(336, 23, 271, 'Manggarai Timur', '2020-03-22 07:07:29', '2020-03-22 07:07:29'),
(337, 23, 301, 'Nagekeo', '2020-03-22 07:07:29', '2020-03-22 07:07:29'),
(338, 23, 304, 'Ngada', '2020-03-22 07:07:30', '2020-03-22 07:07:30'),
(339, 23, 383, 'Rote Ndao', '2020-03-22 07:07:30', '2020-03-22 07:07:30'),
(340, 23, 385, 'Sabu Raijua', '2020-03-22 07:07:30', '2020-03-22 07:07:30'),
(341, 23, 412, 'Sikka', '2020-03-22 07:07:30', '2020-03-22 07:07:30'),
(342, 23, 434, 'Sumba Barat', '2020-03-22 07:07:30', '2020-03-22 07:07:30'),
(343, 23, 435, 'Sumba Barat Daya', '2020-03-22 07:07:30', '2020-03-22 07:07:30'),
(344, 23, 436, 'Sumba Tengah', '2020-03-22 07:07:30', '2020-03-22 07:07:30'),
(345, 23, 437, 'Sumba Timur', '2020-03-22 07:07:30', '2020-03-22 07:07:30'),
(346, 23, 479, 'Timor Tengah Selatan', '2020-03-22 07:07:30', '2020-03-22 07:07:30'),
(347, 23, 480, 'Timor Tengah Utara', '2020-03-22 07:07:30', '2020-03-22 07:07:30'),
(348, 24, 16, 'Asmat', '2020-03-22 07:07:31', '2020-03-22 07:07:31'),
(349, 24, 67, 'Biak Numfor', '2020-03-22 07:07:31', '2020-03-22 07:07:31'),
(350, 24, 90, 'Boven Digoel', '2020-03-22 07:07:31', '2020-03-22 07:07:31'),
(351, 24, 111, 'Deiyai (Deliyai)', '2020-03-22 07:07:31', '2020-03-22 07:07:31'),
(352, 24, 117, 'Dogiyai', '2020-03-22 07:07:31', '2020-03-22 07:07:31'),
(353, 24, 150, 'Intan Jaya', '2020-03-22 07:07:31', '2020-03-22 07:07:31'),
(354, 24, 157, 'Jayapura', '2020-03-22 07:07:31', '2020-03-22 07:07:31'),
(355, 24, 158, 'Jayapura', '2020-03-22 07:07:31', '2020-03-22 07:07:31'),
(356, 24, 159, 'Jayawijaya', '2020-03-22 07:07:32', '2020-03-22 07:07:32'),
(357, 24, 180, 'Keerom', '2020-03-22 07:07:32', '2020-03-22 07:07:32'),
(358, 24, 193, 'Kepulauan Yapen (Yapen Waropen)', '2020-03-22 07:07:32', '2020-03-22 07:07:32'),
(359, 24, 231, 'Lanny Jaya', '2020-03-22 07:07:32', '2020-03-22 07:07:32'),
(360, 24, 263, 'Mamberamo Raya', '2020-03-22 07:07:32', '2020-03-22 07:07:32'),
(361, 24, 264, 'Mamberamo Tengah', '2020-03-22 07:07:32', '2020-03-22 07:07:32'),
(362, 24, 274, 'Mappi', '2020-03-22 07:07:32', '2020-03-22 07:07:32'),
(363, 24, 281, 'Merauke', '2020-03-22 07:07:32', '2020-03-22 07:07:32'),
(364, 24, 284, 'Mimika', '2020-03-22 07:07:32', '2020-03-22 07:07:32'),
(365, 24, 299, 'Nabire', '2020-03-22 07:07:32', '2020-03-22 07:07:32'),
(366, 24, 303, 'Nduga', '2020-03-22 07:07:32', '2020-03-22 07:07:32'),
(367, 24, 335, 'Paniai', '2020-03-22 07:07:32', '2020-03-22 07:07:32'),
(368, 24, 347, 'Pegunungan Bintang', '2020-03-22 07:07:32', '2020-03-22 07:07:32'),
(369, 24, 373, 'Puncak', '2020-03-22 07:07:32', '2020-03-22 07:07:32'),
(370, 24, 374, 'Puncak Jaya', '2020-03-22 07:07:32', '2020-03-22 07:07:32'),
(371, 24, 392, 'Sarmi', '2020-03-22 07:07:32', '2020-03-22 07:07:32'),
(372, 24, 443, 'Supiori', '2020-03-22 07:07:33', '2020-03-22 07:07:33'),
(373, 24, 484, 'Tolikara', '2020-03-22 07:07:33', '2020-03-22 07:07:33'),
(374, 24, 495, 'Waropen', '2020-03-22 07:07:33', '2020-03-22 07:07:33'),
(375, 24, 499, 'Yahukimo', '2020-03-22 07:07:33', '2020-03-22 07:07:33'),
(376, 24, 500, 'Yalimo', '2020-03-22 07:07:33', '2020-03-22 07:07:33'),
(377, 25, 124, 'Fakfak', '2020-03-22 07:07:34', '2020-03-22 07:07:34'),
(378, 25, 165, 'Kaimana', '2020-03-22 07:07:34', '2020-03-22 07:07:34'),
(379, 25, 272, 'Manokwari', '2020-03-22 07:07:34', '2020-03-22 07:07:34'),
(380, 25, 273, 'Manokwari Selatan', '2020-03-22 07:07:34', '2020-03-22 07:07:34'),
(381, 25, 277, 'Maybrat', '2020-03-22 07:07:34', '2020-03-22 07:07:34'),
(382, 25, 346, 'Pegunungan Arfak', '2020-03-22 07:07:34', '2020-03-22 07:07:34'),
(383, 25, 378, 'Raja Ampat', '2020-03-22 07:07:34', '2020-03-22 07:07:34'),
(384, 25, 424, 'Sorong', '2020-03-22 07:07:34', '2020-03-22 07:07:34'),
(385, 25, 425, 'Sorong', '2020-03-22 07:07:34', '2020-03-22 07:07:34'),
(386, 25, 426, 'Sorong Selatan', '2020-03-22 07:07:34', '2020-03-22 07:07:34'),
(387, 25, 449, 'Tambrauw', '2020-03-22 07:07:34', '2020-03-22 07:07:34'),
(388, 25, 474, 'Teluk Bintuni', '2020-03-22 07:07:34', '2020-03-22 07:07:34'),
(389, 25, 475, 'Teluk Wondama', '2020-03-22 07:07:34', '2020-03-22 07:07:34'),
(390, 26, 60, 'Bengkalis', '2020-03-22 07:07:36', '2020-03-22 07:07:36'),
(391, 26, 120, 'Dumai', '2020-03-22 07:07:37', '2020-03-22 07:07:37'),
(392, 26, 147, 'Indragiri Hilir', '2020-03-22 07:07:37', '2020-03-22 07:07:37'),
(393, 26, 148, 'Indragiri Hulu', '2020-03-22 07:07:37', '2020-03-22 07:07:37'),
(394, 26, 166, 'Kampar', '2020-03-22 07:07:37', '2020-03-22 07:07:37'),
(395, 26, 187, 'Kepulauan Meranti', '2020-03-22 07:07:37', '2020-03-22 07:07:37'),
(396, 26, 207, 'Kuantan Singingi', '2020-03-22 07:07:37', '2020-03-22 07:07:37'),
(397, 26, 350, 'Pekanbaru', '2020-03-22 07:07:37', '2020-03-22 07:07:37'),
(398, 26, 351, 'Pelalawan', '2020-03-22 07:07:37', '2020-03-22 07:07:37'),
(399, 26, 381, 'Rokan Hilir', '2020-03-22 07:07:37', '2020-03-22 07:07:37'),
(400, 26, 382, 'Rokan Hulu', '2020-03-22 07:07:37', '2020-03-22 07:07:37'),
(401, 26, 406, 'Siak', '2020-03-22 07:07:37', '2020-03-22 07:07:37'),
(402, 27, 253, 'Majene', '2020-03-22 07:07:40', '2020-03-22 07:07:40'),
(403, 27, 262, 'Mamasa', '2020-03-22 07:07:40', '2020-03-22 07:07:40'),
(404, 27, 265, 'Mamuju', '2020-03-22 07:07:40', '2020-03-22 07:07:40'),
(405, 27, 266, 'Mamuju Utara', '2020-03-22 07:07:40', '2020-03-22 07:07:40'),
(406, 27, 362, 'Polewali Mandar', '2020-03-22 07:07:40', '2020-03-22 07:07:40'),
(407, 28, 38, 'Bantaeng', '2020-03-22 07:07:41', '2020-03-22 07:07:41'),
(408, 28, 47, 'Barru', '2020-03-22 07:07:41', '2020-03-22 07:07:41'),
(409, 28, 87, 'Bone', '2020-03-22 07:07:42', '2020-03-22 07:07:42'),
(410, 28, 95, 'Bulukumba', '2020-03-22 07:07:42', '2020-03-22 07:07:42'),
(411, 28, 123, 'Enrekang', '2020-03-22 07:07:42', '2020-03-22 07:07:42'),
(412, 28, 132, 'Gowa', '2020-03-22 07:07:42', '2020-03-22 07:07:42'),
(413, 28, 162, 'Jeneponto', '2020-03-22 07:07:42', '2020-03-22 07:07:42'),
(414, 28, 244, 'Luwu', '2020-03-22 07:07:42', '2020-03-22 07:07:42'),
(415, 28, 245, 'Luwu Timur', '2020-03-22 07:07:42', '2020-03-22 07:07:42'),
(416, 28, 246, 'Luwu Utara', '2020-03-22 07:07:42', '2020-03-22 07:07:42'),
(417, 28, 254, 'Makassar', '2020-03-22 07:07:42', '2020-03-22 07:07:42'),
(418, 28, 275, 'Maros', '2020-03-22 07:07:42', '2020-03-22 07:07:42'),
(419, 28, 328, 'Palopo', '2020-03-22 07:07:42', '2020-03-22 07:07:42'),
(420, 28, 333, 'Pangkajene Kepulauan', '2020-03-22 07:07:42', '2020-03-22 07:07:42'),
(421, 28, 336, 'Parepare', '2020-03-22 07:07:42', '2020-03-22 07:07:42'),
(422, 28, 360, 'Pinrang', '2020-03-22 07:07:42', '2020-03-22 07:07:42'),
(423, 28, 396, 'Selayar (Kepulauan Selayar)', '2020-03-22 07:07:42', '2020-03-22 07:07:42'),
(424, 28, 408, 'Sidenreng Rappang/Rapang', '2020-03-22 07:07:42', '2020-03-22 07:07:42'),
(425, 28, 416, 'Sinjai', '2020-03-22 07:07:42', '2020-03-22 07:07:42'),
(426, 28, 423, 'Soppeng', '2020-03-22 07:07:43', '2020-03-22 07:07:43'),
(427, 28, 448, 'Takalar', '2020-03-22 07:07:43', '2020-03-22 07:07:43'),
(428, 28, 451, 'Tana Toraja', '2020-03-22 07:07:43', '2020-03-22 07:07:43'),
(429, 28, 486, 'Toraja Utara', '2020-03-22 07:07:43', '2020-03-22 07:07:43'),
(430, 28, 493, 'Wajo', '2020-03-22 07:07:43', '2020-03-22 07:07:43'),
(431, 29, 25, 'Banggai', '2020-03-22 07:07:44', '2020-03-22 07:07:44'),
(432, 29, 26, 'Banggai Kepulauan', '2020-03-22 07:07:44', '2020-03-22 07:07:44'),
(433, 29, 98, 'Buol', '2020-03-22 07:07:44', '2020-03-22 07:07:44'),
(434, 29, 119, 'Donggala', '2020-03-22 07:07:44', '2020-03-22 07:07:44'),
(435, 29, 291, 'Morowali', '2020-03-22 07:07:44', '2020-03-22 07:07:44'),
(436, 29, 329, 'Palu', '2020-03-22 07:07:44', '2020-03-22 07:07:44'),
(437, 29, 338, 'Parigi Moutong', '2020-03-22 07:07:44', '2020-03-22 07:07:44'),
(438, 29, 366, 'Poso', '2020-03-22 07:07:44', '2020-03-22 07:07:44'),
(439, 29, 410, 'Sigi', '2020-03-22 07:07:45', '2020-03-22 07:07:45'),
(440, 29, 482, 'Tojo Una-Una', '2020-03-22 07:07:45', '2020-03-22 07:07:45'),
(441, 29, 483, 'Toli-Toli', '2020-03-22 07:07:45', '2020-03-22 07:07:45'),
(442, 30, 53, 'Bau-Bau', '2020-03-22 07:07:45', '2020-03-22 07:07:45'),
(443, 30, 85, 'Bombana', '2020-03-22 07:07:46', '2020-03-22 07:07:46'),
(444, 30, 101, 'Buton', '2020-03-22 07:07:46', '2020-03-22 07:07:46'),
(445, 30, 102, 'Buton Utara', '2020-03-22 07:07:46', '2020-03-22 07:07:46'),
(446, 30, 182, 'Kendari', '2020-03-22 07:07:46', '2020-03-22 07:07:46'),
(447, 30, 198, 'Kolaka', '2020-03-22 07:07:46', '2020-03-22 07:07:46'),
(448, 30, 199, 'Kolaka Utara', '2020-03-22 07:07:46', '2020-03-22 07:07:46'),
(449, 30, 200, 'Konawe', '2020-03-22 07:07:46', '2020-03-22 07:07:46'),
(450, 30, 201, 'Konawe Selatan', '2020-03-22 07:07:46', '2020-03-22 07:07:46'),
(451, 30, 202, 'Konawe Utara', '2020-03-22 07:07:46', '2020-03-22 07:07:46'),
(452, 30, 295, 'Muna', '2020-03-22 07:07:46', '2020-03-22 07:07:46'),
(453, 30, 494, 'Wakatobi', '2020-03-22 07:07:46', '2020-03-22 07:07:46'),
(454, 31, 73, 'Bitung', '2020-03-22 07:07:47', '2020-03-22 07:07:47'),
(455, 31, 81, 'Bolaang Mongondow (Bolmong)', '2020-03-22 07:07:48', '2020-03-22 07:07:48'),
(456, 31, 82, 'Bolaang Mongondow Selatan', '2020-03-22 07:07:48', '2020-03-22 07:07:48'),
(457, 31, 83, 'Bolaang Mongondow Timur', '2020-03-22 07:07:48', '2020-03-22 07:07:48'),
(458, 31, 84, 'Bolaang Mongondow Utara', '2020-03-22 07:07:48', '2020-03-22 07:07:48'),
(459, 31, 188, 'Kepulauan Sangihe', '2020-03-22 07:07:48', '2020-03-22 07:07:48'),
(460, 31, 190, 'Kepulauan Siau Tagulandang Biaro (Sitaro)', '2020-03-22 07:07:48', '2020-03-22 07:07:48'),
(461, 31, 192, 'Kepulauan Talaud', '2020-03-22 07:07:48', '2020-03-22 07:07:48'),
(462, 31, 204, 'Kotamobagu', '2020-03-22 07:07:48', '2020-03-22 07:07:48'),
(463, 31, 267, 'Manado', '2020-03-22 07:07:48', '2020-03-22 07:07:48'),
(464, 31, 285, 'Minahasa', '2020-03-22 07:07:48', '2020-03-22 07:07:48'),
(465, 31, 286, 'Minahasa Selatan', '2020-03-22 07:07:48', '2020-03-22 07:07:48'),
(466, 31, 287, 'Minahasa Tenggara', '2020-03-22 07:07:48', '2020-03-22 07:07:48'),
(467, 31, 288, 'Minahasa Utara', '2020-03-22 07:07:48', '2020-03-22 07:07:48'),
(468, 31, 485, 'Tomohon', '2020-03-22 07:07:48', '2020-03-22 07:07:48'),
(469, 32, 12, 'Agam', '2020-03-22 07:07:49', '2020-03-22 07:07:49'),
(470, 32, 93, 'Bukittinggi', '2020-03-22 07:07:49', '2020-03-22 07:07:49'),
(471, 32, 116, 'Dharmasraya', '2020-03-22 07:07:49', '2020-03-22 07:07:49'),
(472, 32, 186, 'Kepulauan Mentawai', '2020-03-22 07:07:49', '2020-03-22 07:07:49'),
(473, 32, 236, 'Lima Puluh Koto/Kota', '2020-03-22 07:07:50', '2020-03-22 07:07:50'),
(474, 32, 318, 'Padang', '2020-03-22 07:07:50', '2020-03-22 07:07:50'),
(475, 32, 321, 'Padang Panjang', '2020-03-22 07:07:50', '2020-03-22 07:07:50'),
(476, 32, 322, 'Padang Pariaman', '2020-03-22 07:07:50', '2020-03-22 07:07:50'),
(477, 32, 337, 'Pariaman', '2020-03-22 07:07:50', '2020-03-22 07:07:50'),
(478, 32, 339, 'Pasaman', '2020-03-22 07:07:50', '2020-03-22 07:07:50'),
(479, 32, 340, 'Pasaman Barat', '2020-03-22 07:07:50', '2020-03-22 07:07:50'),
(480, 32, 345, 'Payakumbuh', '2020-03-22 07:07:50', '2020-03-22 07:07:50'),
(481, 32, 357, 'Pesisir Selatan', '2020-03-22 07:07:50', '2020-03-22 07:07:50'),
(482, 32, 394, 'Sawah Lunto', '2020-03-22 07:07:50', '2020-03-22 07:07:50'),
(483, 32, 411, 'Sijunjung (Sawah Lunto Sijunjung)', '2020-03-22 07:07:50', '2020-03-22 07:07:50'),
(484, 32, 420, 'Solok', '2020-03-22 07:07:51', '2020-03-22 07:07:51'),
(485, 32, 421, 'Solok', '2020-03-22 07:07:51', '2020-03-22 07:07:51'),
(486, 32, 422, 'Solok Selatan', '2020-03-22 07:07:51', '2020-03-22 07:07:51'),
(487, 32, 453, 'Tanah Datar', '2020-03-22 07:07:51', '2020-03-22 07:07:51'),
(488, 33, 40, 'Banyuasin', '2020-03-22 07:07:52', '2020-03-22 07:07:52'),
(489, 33, 121, 'Empat Lawang', '2020-03-22 07:07:52', '2020-03-22 07:07:52'),
(490, 33, 220, 'Lahat', '2020-03-22 07:07:52', '2020-03-22 07:07:52'),
(491, 33, 242, 'Lubuk Linggau', '2020-03-22 07:07:52', '2020-03-22 07:07:52'),
(492, 33, 292, 'Muara Enim', '2020-03-22 07:07:52', '2020-03-22 07:07:52'),
(493, 33, 297, 'Musi Banyuasin', '2020-03-22 07:07:52', '2020-03-22 07:07:52'),
(494, 33, 298, 'Musi Rawas', '2020-03-22 07:07:52', '2020-03-22 07:07:52'),
(495, 33, 312, 'Ogan Ilir', '2020-03-22 07:07:53', '2020-03-22 07:07:53'),
(496, 33, 313, 'Ogan Komering Ilir', '2020-03-22 07:07:53', '2020-03-22 07:07:53'),
(497, 33, 314, 'Ogan Komering Ulu', '2020-03-22 07:07:53', '2020-03-22 07:07:53'),
(498, 33, 315, 'Ogan Komering Ulu Selatan', '2020-03-22 07:07:53', '2020-03-22 07:07:53'),
(499, 33, 316, 'Ogan Komering Ulu Timur', '2020-03-22 07:07:53', '2020-03-22 07:07:53'),
(500, 33, 324, 'Pagar Alam', '2020-03-22 07:07:53', '2020-03-22 07:07:53'),
(501, 33, 327, 'Palembang', '2020-03-22 07:07:53', '2020-03-22 07:07:53'),
(502, 33, 367, 'Prabumulih', '2020-03-22 07:07:53', '2020-03-22 07:07:53'),
(503, 34, 15, 'Asahan', '2020-03-22 07:07:55', '2020-03-22 07:07:55'),
(504, 34, 52, 'Batu Bara', '2020-03-22 07:07:55', '2020-03-22 07:07:55'),
(505, 34, 70, 'Binjai', '2020-03-22 07:07:55', '2020-03-22 07:07:55'),
(506, 34, 110, 'Dairi', '2020-03-22 07:07:55', '2020-03-22 07:07:55'),
(507, 34, 112, 'Deli Serdang', '2020-03-22 07:07:55', '2020-03-22 07:07:55'),
(508, 34, 137, 'Gunungsitoli', '2020-03-22 07:07:55', '2020-03-22 07:07:55'),
(509, 34, 146, 'Humbang Hasundutan', '2020-03-22 07:07:55', '2020-03-22 07:07:55'),
(510, 34, 173, 'Karo', '2020-03-22 07:07:56', '2020-03-22 07:07:56'),
(511, 34, 217, 'Labuhan Batu', '2020-03-22 07:07:56', '2020-03-22 07:07:56'),
(512, 34, 218, 'Labuhan Batu Selatan', '2020-03-22 07:07:56', '2020-03-22 07:07:56'),
(513, 34, 219, 'Labuhan Batu Utara', '2020-03-22 07:07:56', '2020-03-22 07:07:56'),
(514, 34, 229, 'Langkat', '2020-03-22 07:07:56', '2020-03-22 07:07:56'),
(515, 34, 268, 'Mandailing Natal', '2020-03-22 07:07:56', '2020-03-22 07:07:56'),
(516, 34, 278, 'Medan', '2020-03-22 07:07:56', '2020-03-22 07:07:56'),
(517, 34, 307, 'Nias', '2020-03-22 07:07:56', '2020-03-22 07:07:56'),
(518, 34, 308, 'Nias Barat', '2020-03-22 07:07:56', '2020-03-22 07:07:56'),
(519, 34, 309, 'Nias Selatan', '2020-03-22 07:07:56', '2020-03-22 07:07:56'),
(520, 34, 310, 'Nias Utara', '2020-03-22 07:07:56', '2020-03-22 07:07:56'),
(521, 34, 319, 'Padang Lawas', '2020-03-22 07:07:56', '2020-03-22 07:07:56'),
(522, 34, 320, 'Padang Lawas Utara', '2020-03-22 07:07:56', '2020-03-22 07:07:56'),
(523, 34, 323, 'Padang Sidempuan', '2020-03-22 07:07:56', '2020-03-22 07:07:56'),
(524, 34, 325, 'Pakpak Bharat', '2020-03-22 07:07:56', '2020-03-22 07:07:56'),
(525, 34, 353, 'Pematang Siantar', '2020-03-22 07:07:56', '2020-03-22 07:07:56'),
(526, 34, 389, 'Samosir', '2020-03-22 07:07:56', '2020-03-22 07:07:56'),
(527, 34, 404, 'Serdang Bedagai', '2020-03-22 07:07:57', '2020-03-22 07:07:57'),
(528, 34, 407, 'Sibolga', '2020-03-22 07:07:57', '2020-03-22 07:07:57'),
(529, 34, 413, 'Simalungun', '2020-03-22 07:07:57', '2020-03-22 07:07:57'),
(530, 34, 459, 'Tanjung Balai', '2020-03-22 07:07:57', '2020-03-22 07:07:57'),
(531, 34, 463, 'Tapanuli Selatan', '2020-03-22 07:07:57', '2020-03-22 07:07:57'),
(532, 34, 464, 'Tapanuli Tengah', '2020-03-22 07:07:57', '2020-03-22 07:07:57'),
(533, 34, 465, 'Tapanuli Utara', '2020-03-22 07:07:57', '2020-03-22 07:07:57'),
(534, 34, 470, 'Tebing Tinggi', '2020-03-22 07:07:57', '2020-03-22 07:07:57'),
(535, 34, 481, 'Toba Samosir', '2020-03-22 07:07:57', '2020-03-22 07:07:57');

-- --------------------------------------------------------

--
-- Table structure for table `couriers`
--

CREATE TABLE `couriers` (
  `id` bigint(20) UNSIGNED NOT NULL,
  `code` varchar(255) COLLATE utf8mb4_unicode_ci NOT NULL,
  `title` varchar(255) COLLATE utf8mb4_unicode_ci NOT NULL,
  `created_at` timestamp NULL DEFAULT NULL,
  `updated_at` timestamp NULL DEFAULT NULL
) ENGINE=InnoDB DEFAULT CHARSET=utf8mb4 COLLATE=utf8mb4_unicode_ci;

--
-- Dumping data for table `couriers`
--

INSERT INTO `couriers` (`id`, `code`, `title`, `created_at`, `updated_at`) VALUES
(1, 'jne', 'JNE', NULL, NULL),
(2, 'pos', 'POS', NULL, NULL),
(3, 'tiki', 'TIKI', NULL, NULL);

-- --------------------------------------------------------

--
-- Table structure for table `detail_order`
--

CREATE TABLE `detail_order` (
  `id` bigint(20) UNSIGNED NOT NULL,
  `order_id` bigint(20) UNSIGNED NOT NULL,
  `product_id` bigint(20) UNSIGNED NOT NULL,
  `qty` int(11) NOT NULL,
  `created_at` timestamp NULL DEFAULT NULL,
  `updated_at` timestamp NULL DEFAULT NULL
) ENGINE=InnoDB DEFAULT CHARSET=utf8mb4 COLLATE=utf8mb4_unicode_ci;

--
-- Dumping data for table `detail_order`
--

INSERT INTO `detail_order` (`id`, `order_id`, `product_id`, `qty`, `created_at`, `updated_at`) VALUES
(21, 29, 9, 2, '2020-03-28 05:37:40', '2020-03-28 05:37:40'),
(22, 30, 15, 1, '2020-04-27 09:09:01', '2020-04-27 09:09:01'),
(23, 31, 38, 3, '2023-07-05 00:11:16', '2023-07-05 00:11:16'),
(24, 32, 38, 4, '2023-07-05 00:52:34', '2023-07-05 00:52:34'),
(25, 33, 38, 10, '2023-07-07 17:38:54', '2023-07-07 17:38:54'),
(26, 34, 38, 3, '2023-07-07 19:28:39', '2023-07-07 19:28:39');

-- --------------------------------------------------------

--
-- Table structure for table `failed_jobs`
--

CREATE TABLE `failed_jobs` (
  `id` bigint(20) UNSIGNED NOT NULL,
  `connection` text COLLATE utf8mb4_unicode_ci NOT NULL,
  `queue` text COLLATE utf8mb4_unicode_ci NOT NULL,
  `payload` longtext COLLATE utf8mb4_unicode_ci NOT NULL,
  `exception` longtext COLLATE utf8mb4_unicode_ci NOT NULL,
  `failed_at` timestamp NOT NULL DEFAULT CURRENT_TIMESTAMP
) ENGINE=InnoDB DEFAULT CHARSET=utf8mb4 COLLATE=utf8mb4_unicode_ci;

-- --------------------------------------------------------

--
-- Table structure for table `keranjang`
--

CREATE TABLE `keranjang` (
  `id` bigint(20) UNSIGNED NOT NULL,
  `user_id` bigint(20) UNSIGNED NOT NULL,
  `products_id` bigint(20) UNSIGNED NOT NULL,
  `qty` int(11) NOT NULL,
  `created_at` timestamp NULL DEFAULT NULL,
  `updated_at` timestamp NULL DEFAULT NULL
) ENGINE=InnoDB DEFAULT CHARSET=utf8mb4 COLLATE=utf8mb4_unicode_ci;

--
-- Dumping data for table `keranjang`
--

INSERT INTO `keranjang` (`id`, `user_id`, `products_id`, `qty`, `created_at`, `updated_at`) VALUES
(14, 7, 4, 2, '2020-03-24 19:04:26', '2020-03-24 19:04:26'),
(19, 8, 5, 1, '2020-03-25 02:54:09', '2020-03-25 02:54:09'),
(28, 15, 38, 1, '2023-07-05 02:27:44', '2023-07-05 02:27:44');

-- --------------------------------------------------------

--
-- Table structure for table `migrations`
--

CREATE TABLE `migrations` (
  `id` int(10) UNSIGNED NOT NULL,
  `migration` varchar(255) COLLATE utf8mb4_unicode_ci NOT NULL,
  `batch` int(11) NOT NULL
) ENGINE=InnoDB DEFAULT CHARSET=utf8mb4 COLLATE=utf8mb4_unicode_ci;

--
-- Dumping data for table `migrations`
--

INSERT INTO `migrations` (`id`, `migration`, `batch`) VALUES
(1, '2014_10_12_000000_create_users_table', 1),
(2, '2014_10_12_100000_create_password_resets_table', 1),
(3, '2019_08_19_000000_create_failed_jobs_table', 1),
(4, '2020_03_22_020309_create_provinces_table', 1),
(5, '2020_03_22_020319_create_cities_table', 1),
(6, '2020_03_22_020330_create_couriers_table', 1),
(7, '2020_03_22_074903_create_categories_tables', 1),
(8, '2020_03_22_074918_create_products_tables', 1),
(9, '2020_03_22_132305_create_alamat_tables', 1),
(10, '2020_03_22_132559_create_order_table', 1),
(11, '2020_03_22_132659_create_detail_order', 1),
(12, '2020_03_22_134342_create_status_order_table', 1),
(13, '2020_03_22_143238_add_stok_to_product', 2),
(14, '2020_03_22_150047_create_rekening_table', 3),
(15, '2020_03_22_150145_add_biaya_cod_to_order', 3),
(16, '2020_03_23_101813_add_keterangan_to_order', 4),
(17, '2020_03_23_101848_create_keranjang_table', 4),
(18, '2020_03_24_071526_add_bukti_telepon_to_order', 5),
(19, '2020_03_24_072038_add_pesan_to_order', 6),
(20, '2020_03_26_131136_create_alamat_toko_table', 7);

-- --------------------------------------------------------

--
-- Table structure for table `order`
--

CREATE TABLE `order` (
  `id` bigint(20) UNSIGNED NOT NULL,
  `invoice` varchar(255) COLLATE utf8mb4_unicode_ci NOT NULL,
  `user_id` bigint(20) UNSIGNED NOT NULL,
  `subtotal` bigint(20) NOT NULL,
  `no_resi` varchar(255) COLLATE utf8mb4_unicode_ci DEFAULT NULL,
  `status_order_id` bigint(20) UNSIGNED NOT NULL,
  `metode_pembayaran` varchar(255) COLLATE utf8mb4_unicode_ci NOT NULL,
  `ongkir` int(11) NOT NULL,
  `created_at` timestamp NULL DEFAULT NULL,
  `updated_at` timestamp NULL DEFAULT NULL,
  `biaya_cod` int(11) NOT NULL,
  `no_hp` varchar(255) COLLATE utf8mb4_unicode_ci NOT NULL,
  `bukti_pembayaran` varchar(255) COLLATE utf8mb4_unicode_ci DEFAULT NULL,
  `pesan` text COLLATE utf8mb4_unicode_ci NOT NULL
) ENGINE=InnoDB DEFAULT CHARSET=utf8mb4 COLLATE=utf8mb4_unicode_ci;

--
-- Dumping data for table `order`
--

INSERT INTO `order` (`id`, `invoice`, `user_id`, `subtotal`, `no_resi`, `status_order_id`, `metode_pembayaran`, `ongkir`, `created_at`, `updated_at`, `biaya_cod`, `no_hp`, `bukti_pembayaran`, `pesan`) VALUES
(29, 'ALV202003281234', 4, 1041000, '123123123123', 5, 'trf', 41000, '2020-03-28 05:37:40', '2020-03-28 05:51:51', 0, '0821241414221424', 'buktibayar/kct7Bn1JmR4BfPC1WvV0eQM8phBUAymZ2Si6oPAZ.jpeg', 'Ukuran XL Ya Mas'),
(30, 'ALV202004270408', 12, 539000, NULL, 1, 'trf', 39000, '2020-04-27 09:09:01', '2020-04-27 09:09:01', 0, '3', NULL, 'f'),
(31, 'ALV202307050710', 15, 99000, NULL, 1, 'trf', 69000, '2023-07-05 00:11:16', '2023-07-05 00:11:16', 0, '082391982150', NULL, 'Catatan'),
(32, 'ALV202307050749', 15, 109000, NULL, 6, 'trf', 69000, '2023-07-05 00:52:34', '2023-07-05 01:02:16', 0, '081231111111', NULL, 'Antar saat jam kerja yaa'),
(33, 'ALV202307081238', 16, 165000, '12000', 5, 'trf', 65000, '2023-07-07 17:38:54', '2023-07-07 18:45:47', 0, '08092890', 'buktibayar/P3QH7BaJepuHs4rvyJ1XqcdS2O4TatdaBS8uzXqr.png', 'SIlahkan Hubungi'),
(34, 'ALV202307080224', 16, 95000, '23234', 5, 'trf', 65000, '2023-07-07 19:28:39', '2023-07-07 19:40:13', 0, '082391982150', 'buktibayar/jx8aW9SnhEeEgKyuvLEF7VMwimYEkcz1z7M1v4XE.png', '-catatan');

-- --------------------------------------------------------

--
-- Table structure for table `password_resets`
--

CREATE TABLE `password_resets` (
  `email` varchar(255) COLLATE utf8mb4_unicode_ci NOT NULL,
  `token` varchar(255) COLLATE utf8mb4_unicode_ci NOT NULL,
  `created_at` timestamp NULL DEFAULT NULL
) ENGINE=InnoDB DEFAULT CHARSET=utf8mb4 COLLATE=utf8mb4_unicode_ci;

-- --------------------------------------------------------

--
-- Table structure for table `products`
--

CREATE TABLE `products` (
  `id` bigint(20) UNSIGNED NOT NULL,
  `name` varchar(255) COLLATE utf8mb4_unicode_ci NOT NULL,
  `description` text COLLATE utf8mb4_unicode_ci NOT NULL,
  `image` text COLLATE utf8mb4_unicode_ci NOT NULL,
  `price` int(11) NOT NULL,
  `weigth` int(11) NOT NULL,
  `categories_id` bigint(20) UNSIGNED NOT NULL,
  `created_at` timestamp NULL DEFAULT NULL,
  `updated_at` timestamp NULL DEFAULT NULL,
  `stok` int(11) NOT NULL
) ENGINE=InnoDB DEFAULT CHARSET=utf8mb4 COLLATE=utf8mb4_unicode_ci;

--
-- Dumping data for table `products`
--

INSERT INTO `products` (`id`, `name`, `description`, `image`, `price`, `weigth`, `categories_id`, `created_at`, `updated_at`, `stok`) VALUES
(38, 'Snack Box Unri', 'SIlahkan hubungi no 088', 'imageproduct/OmmGFanA9ZMCiXoPY7L9ltKycJOuoxBkrDgCb7A9.jpg', 10000, 1, 11, '2023-07-04 18:39:20', '2023-07-04 18:39:20', 1000),
(39, 'Band', 'Band UNRI\r\nLagu :\r\n1. Melayu\r\n2. Pop', 'imageproduct/vwNLErDxNnyR8pUDoCgJsZYoeTFOhNl0sW9yfRJX.png', 10000000, 0, 6, '2023-07-07 19:36:03', '2023-07-07 19:36:03', 1);

-- --------------------------------------------------------

--
-- Table structure for table `provinces`
--

CREATE TABLE `provinces` (
  `id` bigint(20) UNSIGNED NOT NULL,
  `province_id` bigint(20) UNSIGNED NOT NULL,
  `title` varchar(255) COLLATE utf8mb4_unicode_ci NOT NULL,
  `created_at` timestamp NULL DEFAULT NULL,
  `updated_at` timestamp NULL DEFAULT NULL
) ENGINE=InnoDB DEFAULT CHARSET=utf8mb4 COLLATE=utf8mb4_unicode_ci;

--
-- Dumping data for table `provinces`
--

INSERT INTO `provinces` (`id`, `province_id`, `title`, `created_at`, `updated_at`) VALUES
(6, 1, 'Bali', '2020-03-22 07:06:12', '2020-03-22 07:06:12'),
(7, 2, 'Bangka Belitung', '2020-03-22 07:06:13', '2020-03-22 07:06:13'),
(8, 3, 'Banten', '2020-03-22 07:06:14', '2020-03-22 07:06:14'),
(9, 4, 'Bengkulu', '2020-03-22 07:06:15', '2020-03-22 07:06:15'),
(10, 5, 'DI Yogyakarta', '2020-03-22 07:06:17', '2020-03-22 07:06:17'),
(11, 6, 'DKI Jakarta', '2020-03-22 07:06:19', '2020-03-22 07:06:19'),
(12, 7, 'Gorontalo', '2020-03-22 07:06:23', '2020-03-22 07:06:23'),
(13, 8, 'Jambi', '2020-03-22 07:06:24', '2020-03-22 07:06:24'),
(14, 9, 'Jawa Barat', '2020-03-22 07:06:26', '2020-03-22 07:06:26'),
(15, 10, 'Jawa Tengah', '2020-03-22 07:06:29', '2020-03-22 07:06:29'),
(16, 11, 'Jawa Timur', '2020-03-22 07:06:33', '2020-03-22 07:06:33'),
(17, 12, 'Kalimantan Barat', '2020-03-22 07:06:37', '2020-03-22 07:06:37'),
(18, 13, 'Kalimantan Selatan', '2020-03-22 07:06:38', '2020-03-22 07:06:38'),
(19, 14, 'Kalimantan Tengah', '2020-03-22 07:06:40', '2020-03-22 07:06:40'),
(20, 15, 'Kalimantan Timur', '2020-03-22 07:06:42', '2020-03-22 07:06:42'),
(21, 16, 'Kalimantan Utara', '2020-03-22 07:06:44', '2020-03-22 07:06:44'),
(22, 17, 'Kepulauan Riau', '2020-03-22 07:06:45', '2020-03-22 07:06:45'),
(23, 18, 'Lampung', '2020-03-22 07:07:15', '2020-03-22 07:07:15'),
(24, 19, 'Maluku', '2020-03-22 07:07:17', '2020-03-22 07:07:17'),
(25, 20, 'Maluku Utara', '2020-03-22 07:07:19', '2020-03-22 07:07:19'),
(26, 21, 'Nanggroe Aceh Darussalam (NAD)', '2020-03-22 07:07:21', '2020-03-22 07:07:21'),
(27, 22, 'Nusa Tenggara Barat (NTB)', '2020-03-22 07:07:23', '2020-03-22 07:07:23'),
(28, 23, 'Nusa Tenggara Timur (NTT)', '2020-03-22 07:07:26', '2020-03-22 07:07:26'),
(29, 24, 'Papua', '2020-03-22 07:07:30', '2020-03-22 07:07:30'),
(30, 25, 'Papua Barat', '2020-03-22 07:07:33', '2020-03-22 07:07:33'),
(31, 26, 'Riau', '2020-03-22 07:07:34', '2020-03-22 07:07:34'),
(32, 27, 'Sulawesi Barat', '2020-03-22 07:07:37', '2020-03-22 07:07:37'),
(33, 28, 'Sulawesi Selatan', '2020-03-22 07:07:40', '2020-03-22 07:07:40'),
(34, 29, 'Sulawesi Tengah', '2020-03-22 07:07:43', '2020-03-22 07:07:43'),
(35, 30, 'Sulawesi Tenggara', '2020-03-22 07:07:45', '2020-03-22 07:07:45'),
(36, 31, 'Sulawesi Utara', '2020-03-22 07:07:46', '2020-03-22 07:07:46'),
(37, 32, 'Sumatera Barat', '2020-03-22 07:07:48', '2020-03-22 07:07:48'),
(38, 33, 'Sumatera Selatan', '2020-03-22 07:07:51', '2020-03-22 07:07:51'),
(39, 34, 'Sumatera Utara', '2020-03-22 07:07:53', '2020-03-22 07:07:53');

-- --------------------------------------------------------

--
-- Table structure for table `rekening`
--

CREATE TABLE `rekening` (
  `id` bigint(20) UNSIGNED NOT NULL,
  `bank_name` varchar(255) COLLATE utf8mb4_unicode_ci NOT NULL,
  `atas_nama` varchar(255) COLLATE utf8mb4_unicode_ci NOT NULL,
  `no_rekening` varchar(255) COLLATE utf8mb4_unicode_ci NOT NULL,
  `created_at` timestamp NULL DEFAULT NULL,
  `updated_at` timestamp NULL DEFAULT NULL
) ENGINE=InnoDB DEFAULT CHARSET=utf8mb4 COLLATE=utf8mb4_unicode_ci;

--
-- Dumping data for table `rekening`
--

INSERT INTO `rekening` (`id`, `bank_name`, `atas_nama`, `no_rekening`, `created_at`, `updated_at`) VALUES
(1, 'BRIAJA', 'FIKRI', '3333444455555', NULL, '2020-03-24 17:22:46'),
(3, 'BRISYARIAH', 'FIKRI SUHERI', '1112441241243', '2020-03-22 08:35:31', '2020-03-24 17:22:56'),
(4, 'BCA', 'Heri', '111222111222', '2020-03-24 17:22:37', '2020-03-24 17:22:37'),
(5, 'BNI', 'IKI', '9999888899999', '2020-03-24 17:23:12', '2020-03-24 17:23:12');

-- --------------------------------------------------------

--
-- Table structure for table `status_order`
--

CREATE TABLE `status_order` (
  `id` bigint(20) UNSIGNED NOT NULL,
  `name` varchar(255) COLLATE utf8mb4_unicode_ci NOT NULL,
  `created_at` timestamp NULL DEFAULT NULL,
  `updated_at` timestamp NULL DEFAULT NULL
) ENGINE=InnoDB DEFAULT CHARSET=utf8mb4 COLLATE=utf8mb4_unicode_ci;

--
-- Dumping data for table `status_order`
--

INSERT INTO `status_order` (`id`, `name`, `created_at`, `updated_at`) VALUES
(1, 'Belum Bayar', NULL, NULL),
(2, 'Perlu Di Cek', NULL, NULL),
(3, 'Telah Di Bayar', NULL, NULL),
(4, 'Barang Di Kirim', NULL, NULL),
(5, 'Barang Telah Sampai', NULL, NULL),
(6, 'Pesanan Di Batalkan', NULL, NULL);

-- --------------------------------------------------------

--
-- Table structure for table `users`
--

CREATE TABLE `users` (
  `id` bigint(20) UNSIGNED NOT NULL,
  `name` varchar(255) COLLATE utf8mb4_unicode_ci NOT NULL,
  `email` varchar(255) COLLATE utf8mb4_unicode_ci NOT NULL,
  `email_verified_at` timestamp NULL DEFAULT NULL,
  `password` varchar(255) COLLATE utf8mb4_unicode_ci NOT NULL,
  `role` varchar(30) COLLATE utf8mb4_unicode_ci NOT NULL,
  `remember_token` varchar(100) COLLATE utf8mb4_unicode_ci DEFAULT NULL,
  `created_at` timestamp NULL DEFAULT NULL,
  `updated_at` timestamp NULL DEFAULT NULL
) ENGINE=InnoDB DEFAULT CHARSET=utf8mb4 COLLATE=utf8mb4_unicode_ci;

--
-- Dumping data for table `users`
--

INSERT INTO `users` (`id`, `name`, `email`, `email_verified_at`, `password`, `role`, `remember_token`, `created_at`, `updated_at`) VALUES
(1, 'admin', 'admin@gmail.com', NULL, '$2y$10$UjWqjE99WFN.W03MzXXgbu1VO86vA925G.Nk7Ka8MkY2.kQA9pxr2', 'admin', NULL, NULL, NULL),
(3, 'Fikri Suheri', 'fikri@gmail.com', NULL, '$2y$10$UC9oBJJAloy5ObHPllPNLOls2M3d3/TOnEndqjdJ4/GIANbt16ppa', 'customer', NULL, '2020-03-22 07:27:06', '2020-03-22 07:27:06'),
(4, 'Pelanggan', 'pelanggan@gmail.com', NULL, '$2y$10$enzrjBMu.hfkfTHTXum.4eUhN6Ic.96aOMjeRBb65gxNtz6nbKM3C', 'customer', NULL, '2020-03-22 08:39:30', '2020-03-22 08:39:30'),
(5, 'Fikri Custom', 'fikri123@gmail.com', NULL, '$2y$10$99U1vq.n1nPi8uLAnedMkOiGJAb2s2rU6BvI1jMYMRwBS9XRkO0fq', 'customer', NULL, '2020-03-23 19:48:16', '2020-03-23 19:48:16'),
(6, 'Suheri', 'suheri@gmail.com', NULL, '$2y$10$KOFcn7lcYi6SK0aYglwl9uFETjOOFOJYvstMfwZAJgZpp49P.hzCC', 'customer', NULL, '2020-03-24 17:29:37', '2020-03-24 17:29:37'),
(7, 'Baru', 'baru@gmail.com', NULL, '$2y$10$Gz8fqjQ9fkuDBJ65qTeV8e6rCBO/6x6yOqYcsly5Aj6a1EPVdYAZy', 'customer', NULL, '2020-03-24 17:35:21', '2020-03-24 17:35:21'),
(8, 'Pembeli Baru', 'cobacoba@gmail.com', NULL, '$2y$10$20RK3ZtV5Atx5Arq2gLjDOIomSE.1AEEghgYdoTbS0XZ7ftIvA1Lm', 'customer', NULL, '2020-03-25 02:46:43', '2020-03-25 02:46:43'),
(9, 'Uji Coba', 'ujicoba@gmail.com', NULL, '$2y$10$SPLvC2/Fl3y1lcMKdxrIHeRc6Bmkq/uHx76PPMfl1zUgQr1BvEEiK', 'customer', NULL, '2020-03-25 02:55:54', '2020-03-25 02:55:54'),
(10, 'Uji Coba 2', 'ujicoba2@gmail.com', NULL, '$2y$10$gHZs7AZQ9SiGJAQU3thdsO8zVZn8SiBpqvVLlp2.FqV9Ymm0iW8bK', 'customer', NULL, '2020-03-25 03:01:34', '2020-03-25 03:01:34'),
(11, 'Uji Coba 3', 'ujicoba3@gmail.com', NULL, '$2y$10$091OIp4OnMCYDJ8kuzMryuTlAMTeNBvPL0tggU.99JcgX7VJ8Lmfe', 'customer', NULL, '2020-03-26 00:41:13', '2020-03-26 00:41:13'),
(12, 'fikri', 'fikri1234@gmail.com', NULL, '$2y$10$FaXz24nJ4LhBKso5yzUmru61ck8OnnfU9gUZT.AyFU0N8.hHzZzUy', 'customer', NULL, '2020-04-27 09:07:37', '2020-04-27 09:07:37'),
(14, 'Mahrus', 'mahrus@pcr.ac.id', NULL, '$2y$10$G5XxlENTm3vrg7uoqQ6Gt./3u24aQ3MHTJLgFoE6A0xo7/eYcHHPu', 'admin', NULL, '2023-07-04 18:28:58', '2023-07-04 18:28:58'),
(15, 'sajid', 'sajid@gmail.com', NULL, '$2y$10$Ww6Ljm0eopa/EbZUG6XC2OcDZ.1i6Yh0tmVn7WoQEtes32WaJWkSm', 'customer', NULL, '2023-07-05 00:00:07', '2023-07-05 00:00:07'),
(16, 'Client BPU', 'clientbpu@unri.ac.id', NULL, '$2y$10$.QKYvQEkMp5KW.9oWNqqxuWYcPa8MCEyat7bHxOfXx37GtCCaKBha', 'customer', NULL, '2023-07-07 17:36:57', '2023-07-07 17:36:57');

--
-- Indexes for dumped tables
--

--
-- Indexes for table `alamat`
--
ALTER TABLE `alamat`
  ADD PRIMARY KEY (`id`);

--
-- Indexes for table `alamat_toko`
--
ALTER TABLE `alamat_toko`
  ADD PRIMARY KEY (`id`);

--
-- Indexes for table `categories`
--
ALTER TABLE `categories`
  ADD PRIMARY KEY (`id`);

--
-- Indexes for table `cities`
--
ALTER TABLE `cities`
  ADD PRIMARY KEY (`id`);

--
-- Indexes for table `couriers`
--
ALTER TABLE `couriers`
  ADD PRIMARY KEY (`id`);

--
-- Indexes for table `detail_order`
--
ALTER TABLE `detail_order`
  ADD PRIMARY KEY (`id`);

--
-- Indexes for table `failed_jobs`
--
ALTER TABLE `failed_jobs`
  ADD PRIMARY KEY (`id`);

--
-- Indexes for table `keranjang`
--
ALTER TABLE `keranjang`
  ADD PRIMARY KEY (`id`);

--
-- Indexes for table `migrations`
--
ALTER TABLE `migrations`
  ADD PRIMARY KEY (`id`);

--
-- Indexes for table `order`
--
ALTER TABLE `order`
  ADD PRIMARY KEY (`id`);

--
-- Indexes for table `password_resets`
--
ALTER TABLE `password_resets`
  ADD KEY `password_resets_email_index` (`email`);

--
-- Indexes for table `products`
--
ALTER TABLE `products`
  ADD PRIMARY KEY (`id`);

--
-- Indexes for table `provinces`
--
ALTER TABLE `provinces`
  ADD PRIMARY KEY (`id`);

--
-- Indexes for table `rekening`
--
ALTER TABLE `rekening`
  ADD PRIMARY KEY (`id`);

--
-- Indexes for table `status_order`
--
ALTER TABLE `status_order`
  ADD PRIMARY KEY (`id`);

--
-- Indexes for table `users`
--
ALTER TABLE `users`
  ADD PRIMARY KEY (`id`),
  ADD UNIQUE KEY `users_email_unique` (`email`);

--
-- AUTO_INCREMENT for dumped tables
--

--
-- AUTO_INCREMENT for table `alamat`
--
ALTER TABLE `alamat`
  MODIFY `id` bigint(20) UNSIGNED NOT NULL AUTO_INCREMENT, AUTO_INCREMENT=12;

--
-- AUTO_INCREMENT for table `alamat_toko`
--
ALTER TABLE `alamat_toko`
  MODIFY `id` bigint(20) UNSIGNED NOT NULL AUTO_INCREMENT, AUTO_INCREMENT=2;

--
-- AUTO_INCREMENT for table `categories`
--
ALTER TABLE `categories`
  MODIFY `id` bigint(20) UNSIGNED NOT NULL AUTO_INCREMENT, AUTO_INCREMENT=12;

--
-- AUTO_INCREMENT for table `cities`
--
ALTER TABLE `cities`
  MODIFY `id` bigint(20) UNSIGNED NOT NULL AUTO_INCREMENT, AUTO_INCREMENT=536;

--
-- AUTO_INCREMENT for table `couriers`
--
ALTER TABLE `couriers`
  MODIFY `id` bigint(20) UNSIGNED NOT NULL AUTO_INCREMENT, AUTO_INCREMENT=4;

--
-- AUTO_INCREMENT for table `detail_order`
--
ALTER TABLE `detail_order`
  MODIFY `id` bigint(20) UNSIGNED NOT NULL AUTO_INCREMENT, AUTO_INCREMENT=27;

--
-- AUTO_INCREMENT for table `failed_jobs`
--
ALTER TABLE `failed_jobs`
  MODIFY `id` bigint(20) UNSIGNED NOT NULL AUTO_INCREMENT;

--
-- AUTO_INCREMENT for table `keranjang`
--
ALTER TABLE `keranjang`
  MODIFY `id` bigint(20) UNSIGNED NOT NULL AUTO_INCREMENT, AUTO_INCREMENT=29;

--
-- AUTO_INCREMENT for table `migrations`
--
ALTER TABLE `migrations`
  MODIFY `id` int(10) UNSIGNED NOT NULL AUTO_INCREMENT, AUTO_INCREMENT=21;

--
-- AUTO_INCREMENT for table `order`
--
ALTER TABLE `order`
  MODIFY `id` bigint(20) UNSIGNED NOT NULL AUTO_INCREMENT, AUTO_INCREMENT=35;

--
-- AUTO_INCREMENT for table `products`
--
ALTER TABLE `products`
  MODIFY `id` bigint(20) UNSIGNED NOT NULL AUTO_INCREMENT, AUTO_INCREMENT=40;

--
-- AUTO_INCREMENT for table `provinces`
--
ALTER TABLE `provinces`
  MODIFY `id` bigint(20) UNSIGNED NOT NULL AUTO_INCREMENT, AUTO_INCREMENT=40;

--
-- AUTO_INCREMENT for table `rekening`
--
ALTER TABLE `rekening`
  MODIFY `id` bigint(20) UNSIGNED NOT NULL AUTO_INCREMENT, AUTO_INCREMENT=6;

--
-- AUTO_INCREMENT for table `status_order`
--
ALTER TABLE `status_order`
  MODIFY `id` bigint(20) UNSIGNED NOT NULL AUTO_INCREMENT, AUTO_INCREMENT=7;

--
-- AUTO_INCREMENT for table `users`
--
ALTER TABLE `users`
  MODIFY `id` bigint(20) UNSIGNED NOT NULL AUTO_INCREMENT, AUTO_INCREMENT=17;
COMMIT;

/*!40101 SET CHARACTER_SET_CLIENT=@OLD_CHARACTER_SET_CLIENT */;
/*!40101 SET CHARACTER_SET_RESULTS=@OLD_CHARACTER_SET_RESULTS */;
/*!40101 SET COLLATION_CONNECTION=@OLD_COLLATION_CONNECTION */;
